[
    {
        "category": "Religion & Spirituality",
        "category-href": "https://itunes.apple.com/ca/genre/podcasts-religion-spirituality/id1314?mt=2",
        "subcategory": "Islam",
        "subcategory-href": "https://itunes.apple.com/ca/genre/podcasts-islam/id1440?mt=2",
        "letter-index": "K",
        "letter-index-href": "https://itunes.apple.com/ca/genre/podcasts-islam/id1440?mt=2&letter=K",
        "title": "Komenti i Ajetul Kursijj",
        "titlehref": "https://itunes.apple.com/ca/podcast/komenti-i-ajetul-kursijj/id561091928"
    },
    {
        "category": "Society & Culture",
        "category-href": "https://itunes.apple.com/ca/genre/podcasts-society-culture/id1324?mt=2",
        "subcategory": "Places & Travel",
        "subcategory-href": "https://itunes.apple.com/ca/genre/podcasts-places-travel/id1320?mt=2",
        "letter-index": "W",
        "letter-index-href": "https://itunes.apple.com/ca/genre/podcasts-places-travel/id1320?mt=2&letter=W",
        "title": "WDW Fan Boys Uncensored Podcast",
        "titlehref": "https://itunes.apple.com/ca/podcast/wdw-fan-boys-uncensored-podcast/id375907312"
    },
    {
        "category": "Society & Culture",
        "category-href": "https://itunes.apple.com/ca/genre/podcasts-society-culture/id1324?mt=2",
        "subcategory": "Personal Journals",
        "subcategory-href": "https://itunes.apple.com/ca/genre/podcasts-personal-journals/id1302?mt=2",
        "letter-index": "W",
        "letter-index-href": "https://itunes.apple.com/ca/genre/podcasts-personal-journals/id1302?mt=2&letter=W",
        "title": "Wanda's Way",
        "titlehref": "https://itunes.apple.com/ca/podcast/wandas-way/id281548074"
    },
    {
        "category": "Health",
        "category-href": "https://itunes.apple.com/ca/genre/podcasts-health/id1307?mt=2",
        "subcategory": "Alternative Health",
        "subcategory-href": "https://itunes.apple.com/ca/genre/podcasts-health-alternative/id1481?mt=2",
        "letter-index": "T",
        "letter-index-href": "https://itunes.apple.com/ca/genre/podcasts-health-alternative/id1481?mt=2&letter=T",
        "title": "Thought-control",
        "titlehref": "https://itunes.apple.com/ca/podcast/thought-control/id400115967"
    },
    {
        "category": "Science & Medicine",
        "category-href": "https://itunes.apple.com/ca/genre/podcasts-science-medicine/id1315?mt=2",
        "subcategory": "Natural Sciences",
        "subcategory-href": "https://itunes.apple.com/ca/genre/podcasts-natural-sciences/id1477?mt=2",
        "letter-index": "V",
        "letter-index-href": "https://itunes.apple.com/ca/genre/podcasts-natural-sciences/id1477?mt=2&letter=V",
        "title": "Voices From L5",
        "titlehref": "https://itunes.apple.com/ca/podcast/voices-from-l5/id969809161"
    },
    {
        "category": "Education",
        "category-href": "https://itunes.apple.com/ca/genre/podcasts-education/id1304?mt=2",
        "subcategory": "Training",
        "subcategory-href": "https://itunes.apple.com/ca/genre/podcasts-education-training/id1470?mt=2",
        "letter-index": "B",
        "letter-index-href": "https://itunes.apple.com/ca/genre/podcasts-education-training/id1470?mt=2&letter=B",
        "title": "Build My Website",
        "titlehref": "https://itunes.apple.com/ca/podcast/build-my-website/id976649285"
    },
    {
        "category": "Religion & Spirituality",
        "category-href": "https://itunes.apple.com/ca/genre/podcasts-religion-spirituality/id1314?mt=2",
        "subcategory": "Spirituality",
        "subcategory-href": "https://itunes.apple.com/ca/genre/podcasts-spirituality/id1444?mt=2",
        "letter-index": "F",
        "letter-index-href": "https://itunes.apple.com/ca/genre/podcasts-spirituality/id1444?mt=2&letter=F",
        "title": "FROM: Liberty to Freedom with Bill Clade",
        "titlehref": "https://itunes.apple.com/ca/podcast/from-liberty-to-freedom-bill/id343289740"
    },
    {
        "category": "Technology",
        "category-href": "https://itunes.apple.com/ca/genre/podcasts-technology/id1318?mt=2",
        "subcategory": "Gadgets",
        "subcategory-href": "https://itunes.apple.com/ca/genre/podcasts-technology-gadgets/id1446?mt=2",
        "letter-index": "N",
        "letter-index-href": "https://itunes.apple.com/ca/genre/podcasts-technology-gadgets/id1446?mt=2&letter=N",
        "title": "Nas y Mas » Podcast",
        "titlehref": "https://itunes.apple.com/ca/podcast/nas-y-mas-podcast/id736611839"
    },
    {
        "category": "Sports & Recreation",
        "category-href": "https://itunes.apple.com/ca/genre/podcasts-sports-recreation/id1316?mt=2",
        "subcategory": "Professional",
        "subcategory-href": "https://itunes.apple.com/ca/genre/podcasts-professional/id1465?mt=2",
        "letter-index": "E",
        "letter-index-href": "https://itunes.apple.com/ca/genre/podcasts-professional/id1465?mt=2&letter=E",
        "title": "Eagles Podcast",
        "titlehref": "https://itunes.apple.com/ca/podcast/eagles-podcast/id332152612"
    },
    {
        "category": "Education",
        "category-href": "https://itunes.apple.com/ca/genre/podcasts-education/id1304?mt=2",
        "subcategory": "Training",
        "subcategory-href": "https://itunes.apple.com/ca/genre/podcasts-education-training/id1470?mt=2",
        "letter-index": "O",
        "letter-index-href": "https://itunes.apple.com/ca/genre/podcasts-education-training/id1470?mt=2&letter=O",
        "title": "Ohio IT Skills Podcast",
        "titlehref": "https://itunes.apple.com/ca/podcast/ohio-it-skills-podcast/id200052505"
    }
]